State,Domain,Category,Plain_English_Definition,Typical_Trigger,How_To_Interpret,Portfolio_Implication,What_Not_To_Infer,Key_Data
FISCAL_TERM_PREMIUM_DOMINANCE,Rates/Cross-asset,Regime,"Long-end Treasury yields remain elevated or rise even when inflation data would normally support a bond rally, implying fiscal supply, term premium or real-rate pressure is dominating the usual inflation-to-rates transmission.",Benign/soft inflation impulse + weak or absent 10Y/30Y rally; stronger when auctions are weak or the 30Y remains above stress thresholds.,The market is demanding more compensation to fund duration independently of the near-term Fed path.,Reduce reliance on long-duration beta; raise hurdle for expensive long-duration equities; favor cash-flow resilience and shorter-duration expressions.,"Do not infer that the Fed must hike, or that equities must immediately fall.","CPI/PPI surprises, 2Y/10Y/30Y yields, curve, auctions, real yields."
AUCTION_CONCESSION_STRESS,Rates,Confirmation,"Treasury auctions require unusually high yields or show weak demand, confirming duration-supply pressure.","Large auction tail, weak bid-to-cover/indirect demand, or clearing yield near/extending recent extremes.",Primary-market demand is requiring a concession.,Strengthens fiscal/term-premium warnings and duration caution.,One weak auction alone is not a regime change.,"10Y/30Y auction tail, bid-to-cover, indirect/direct demand."
FRONT_END_LONG_END_DECOUPLING,Rates,Regime,"Near-term Fed expectations ease while the 10Y/30Y fail to follow, separating policy-rate repricing from duration risk.",2Y/front-end yields fall or hike odds decline while 10Y/30Y stay flat/up.,The curve is being driven by more than the Fed reaction function.,Treat duration separately from Fed policy; require long-end confirmation for bond adds.,Do not equate dovish Fed repricing with a guaranteed long-bond rally.,"2Y, 10Y, 30Y changes; OIS/Fed probabilities."
MARKET_IMPOSED_TIGHTENING,Rates/Equity,Regime,Financial conditions tighten through higher long-term yields and funding costs even without a policy-rate hike.,10Y/30Y or real yields remain high/rise while the policy rate is unchanged or expected to ease.,The bond market is doing part of the central bank's tightening work.,Penalize refinancing-dependent and long-duration assets; favor strong FCF and low leverage.,Do not treat it as identical to a central-bank hike; transmission is asset-specific.,"Long yields, real yields, credit spreads, mortgage/corporate rates."
YEN_TREASURY_FEEDBACK_LOOP,FX/Rates,Risk,"USD/JPY pressure, Japanese yields and intervention/reserve-management mechanics can feed back into Treasury demand and the US curve.",USDJPY near intervention territory + elevated JGB yields/yield-gap stress + intervention/reserve-flow risk.,An FX event can become a rates-flow event.,Raise cross-asset fragility monitoring around intervention episodes.,Do not assume intervention automatically means Treasury selling or a weaker dollar.,"USDJPY, JGBs, US/Japan yield gap, intervention details, reserve flows."
PRODUCT_TIGHTNESS_WITHOUT_CRUDE_TIGHTNESS,Commodities/Inflation,Regime,Refined-product markets tighten materially even when headline crude prices are not signaling equivalent scarcity.,Crack spreads/product prices/inventories tighten while WTI/Brent are flat or less stressed.,Inflation pressure may be hiding downstream in refining/product markets.,Use diesel/gasoil/gasoline/jet and refinery data in the inflation/energy score.,Do not conclude energy inflation is benign from crude alone.,"Crack spreads, product inventories, refinery utilization/outages, exports."
OIL_SUPPLY_DEMAND_WEDGE,Commodities,Regime,"Physical supply disruption and demand destruction coexist, creating two-sided nonlinear oil risk.",Constrained flows/inventory draws coexist with weakening demand revisions or usage.,"Upside convexity persists while the choke point remains constrained, but normalization can expose a sudden surplus.",Prefer conditional scenarios and defined-risk expressions; monitor physical buffers.,Do not extrapolate a high spot price linearly or assume demand destruction guarantees immediate downside.,"Hormuz traffic, inventories, SPR releases, demand revisions, curve, oil-on-water."
STRATEGIC_RESERVE_REBUILD_DEMAND,Commodities,Slow state,Large importers rebuilding strategic/commercial reserves create an additional medium-term source of physical demand.,Announced capacity expansion plus evidence of reserve-filling flows.,Inventory rebuilding is demand first and potential emergency supply later.,"Add to medium-term oil-demand balance, not the daily trading signal.",Do not count announced capacity as actual demand until filling begins.,"Reserve capacity, fill rates, imports, stock policy."
CROSS_ASSET_CAUSAL_DECOMPOSITION,Cross-asset,Interpretive rule,"When normally dissimilar assets move together, decompose each move by its own causal engine before declaring correlations broken.",Unusual co-movement such as tech + energy + USD all rising.,Different assets may be responding to different shocks simultaneously.,Require causal attribution before using cross-asset divergence as a trade signal.,Do not assume unusual correlation equals market dysfunction.,"Rates, earnings, physical commodity data, FX, positioning."
UNDEREXPOSED_RALLY_CHASE,Positioning,Regime,"Price recovers faster than investor exposure after a washout, creating forced re-risking and an upside pain trade.",Sharp deleveraging/position cuts followed by price stabilization/rebound while positioning remains light.,The rally can extend because investors are under-positioned rather than crowded.,Avoid reflexive shorts; use breadth and positioning to judge chase risk.,Do not infer underexposure from narrative alone.,"CFTC, prime-broker proxies, dealer positioning, breadth, price."
AI_CROWDING_LOCATION,Positioning/Equity,Diagnostic,"Crowding is measured separately across Mag 7, semiconductors, software/TMT and broader AI beneficiaries rather than using one 'AI crowded' label.","Large dispersion in positioning, valuation or breadth across AI sub-groups.",Risk can migrate within the AI complex.,Size tactical AI exposure by sub-group crowding and relative valuation.,Do not assume a crowded semiconductor book means all mega-cap technology is crowded.,"Prime-broker/CFTC proxies, valuations, breadth, relative strength."
MONETARY_RESTRAINT_EFFECTIVENESS,Rates/Macro,Reaction-function input,"Tests whether high policy rates are actually restraining borrowing, capital raising, hiring and investment.","Policy rates high but credit demand/capex/issuance remain strong, or vice versa.",The effective neutral/terminal rate may differ from what the policy-rate level alone implies.,Adjust Fed scenario priors and financing-sensitive asset selection.,One Fed speaker's opinion is not itself the state.,"Capex, issuance, lending, credit growth, hiring, policy rates."
REAL_YIELD_PRECIOUS_METALS_DOMINANCE,Precious metals/Rates,Regime,Gold and silver are treated primarily through their real opportunity cost rather than headline inflation alone.,Changes in real yields explain bullion better than CPI direction.,High/rising real yields can offset inflation/geopolitical support for metals.,Require real-yield/USD confirmation before aggressive precious-metals adds.,Do not use 'inflation up = gold up' mechanically.,"TIPS real yields, nominal yields, breakevens, USD, bullion."
EVENT_VOLATILITY_EDGE_NOT_DIRECTIONAL_EDGE,Event-aware,Rule,A macro release may offer a strong expectation of larger range/volatility without offering a reliable directional edge.,Historical event-day ranges rise while directional hit rate is weak/unstable.,"The tradeable edge may be movement, not direction.",Use defined levels/options structures and post-release cross-asset confirmation.,Do not convert event importance into directional certainty.,"Historical event returns/ranges, implied vol, realized vol."
PRECIOUS_METALS_CONFIRMATION,Precious metals,Execution gate,Higher-beta precious-metals exposure requires bullion stabilization/reclaim plus favorable real-yield/USD transmission.,Bullion holds/reclaims key level; real yields/USD stop working against it; miners stop underperforming.,Macro support must show up in the underlying before miners receive capital.,Block or limit miner adds until confirmation.,Do not let a strategic gold thesis justify a miner purchase automatically.,"Gold, miners/gold relative strength, real yields, USD."
TECHNICAL_EXTERNAL_OVERLAY,Technical,Source rule,Proprietary external technical models may frame levels and scenarios but remain source assertions until independently confirmed.,External VC-PMI/cycle/model level is supplied.,"Useful for map/levels, not Crown truth.",Use as secondary support/resistance context only.,Do not allow proprietary external levels to independently trigger capital.,External model levels + Crown price/flow confirmation.
SEASONALITY_AS_PRIOR_NOT_TRIGGER,Technical/Macro,Source rule,Seasonality can adjust prior probabilities but cannot override live evidence or strategic deployment.,Seasonal pattern is historically robust enough to note.,Calendar effects are weak contextual priors.,Use small confidence adjustment only.,Do not delay Layer 1 solely because of a seasonal claim.,"Seasonal return distributions, conditional samples."
SOURCE_WEIGHTING,Governance,Rule,"Research inputs are weighted by provenance, directness, freshness and independence rather than rhetoric or confidence of the author.",Any external research claim enters Crown.,Primary data and independently verifiable evidence receive more weight than narrative assertions.,Down-weight unverified/leaked/proprietary claims and avoid double counting.,Do not turn a compelling narrative into a model signal without measurable evidence.,"Source metadata, freshness, primary/secondary status."
LAYERED_TRADER_IDENTITY,Portfolio architecture,Principle,Long-term strategic holdings and a separate tactical sleeve coexist and are measured separately.,Always-on portfolio architecture.,Active trading supplements rather than replaces strategic compounding.,Keep Layer 1 permission and Layer 2/3 performance attribution separate.,Do not let a tactical loss rewrite the strategic thesis.,Portfolio layer labels and attribution.
THESIS_EXPRESSION_SEPARATION,Execution,Rule,"A macro thesis, transmission mechanism and chosen instrument are evaluated separately.",Any proposed or existing trade.,A thesis can be right while the expression is wrong.,"Score thesis, expression, timing and sizing independently; switch expression if transmission fails.",Do not defend a poor proxy because the macro story still sounds right.,"Thesis record, causal channel, instrument behavior."
EXPRESSION_PROXIMITY,Execution,Rule,"For event/geopolitical trades, prefer instruments closest to the causal transmission channel.",Multiple possible expressions exist for a catalyst.,Closer instruments usually carry less basis/transmission risk.,Favor direct transmission unless costs/liquidity make it inferior.,Cheap relative valuation alone is not enough if the instrument is too remote from the shock.,"Catalyst, instrument exposure, basis sensitivity."
CHEAP_CONVEXITY_FILTER,Options/Execution,Gate,"Cheap optionality is actionable only when valuation, catalyst, expression and technical context align.",IV attractive versus realized + defined catalyst horizon + suitable instrument + confirmation + bounded downside.,Mispriced convexity can improve payoff asymmetry.,Permit defined-risk option structures when all filters pass.,IV below realized volatility alone is not a buy signal.,"IV, realized vol, catalyst calendar, technical state, option structure."
INSTRUMENT_PLUMBING,Execution,Rule,"Expression selection incorporates roll yield, carry, liquidity, spread, tax/operational complexity and implementation cost.","Choosing between futures, ETF/ETC, options or related instruments.",Two instruments with similar beta can have very different realized economics.,Prefer the cleaner implementation when exposure is equivalent.,Do not compare only headline price exposure.,"Roll curve, expense ratio, spread, liquidity, tax, option terms."
TECHNICAL_FLOW_CONFLUENCE,Technical/Positioning,Confirmation,A technical level is stronger when it aligns with plausible systematic or institutional flow.,Major MA/support/resistance + CTA/trend/dealer/flow threshold in the same region.,The level has a market-mechanics reason to matter.,Increase tactical confidence modestly; never make it a standalone signal.,Do not assume every 200-day moving average has CTA support.,"Price levels, CTA proxy, dealer gamma, volume/flow."
EXIT_WHEN_TRADE_CHANGES,Execution,Rule,Exit or reduce when the payoff distribution materially deteriorates even before full thesis invalidation.,"Underlying softens, contrary supply/news appears, asymmetry worsens, theta/expiry becomes material or transmission changes.","Protecting accrued edge is part of the trade, not an admission of analytical failure.",Allow profit-taking/reduction before expiry or formal stop.,Do not wait for the original thesis to become completely false.,"Price behavior, catalyst changes, option decay, new information."
FINANCING_DEPENDENCY_EQUITY_FACTOR,Equity,Factor overlay,Ranks companies/sectors by dependence on cheap external financing versus internally generated cash flow.,Especially relevant during market-imposed tightening/term-premium stress.,"High FCF, low leverage and low refinancing needs are more resilient to elevated long yields.",Favor self-funded cash generators; penalize highly levered/negative-FCF duration equity.,Do not equate all technology with high financing dependency.,"FCF, leverage, maturities, interest coverage, capex funding."
POST_WASHOUT_CONVEXITY_SETUP,Options/Positioning,Setup,"After leverage is purged and price stabilizes, compare implied versus realized volatility and upside flow for asymmetric optionality.",Washout + stabilization + attractive vol + flow/price confirmation.,Forced selling is reduced and convex upside may be underpriced.,Use limited-risk structures; require confirmation.,Unusual calls alone are not a buy signal.,"Positioning, IV/RV, options flow, price stabilization."
BOND_VOL_EQUITY_CALM_DIVERGENCE,Cross-asset/Volatility,Fragility,"Bond volatility rises while equities look calm, often indicating hidden event or rates fragility.",MOVE/bond vol rises while VIX/equity realized vol and volume remain subdued.,Rates are repricing risk before equities.,Reduce complacency and raise event-risk sensitivity.,Do not automatically short equities.,"MOVE, VIX, realized vol, breadth, volume."
POSITIONING_TRIAD,Positioning,Composite,"Crowding and squeeze risk are assessed from CFTC, prime-broker positioning and dealer-gamma/options positioning together.",At least two independent positioning sources available.,No single positioning feed should dominate the decision.,"Produce crowding, squeeze, forced-seller and gamma amplification states.",Do not treat a leaked prime-broker note as equivalent to direct inventory data.,"CFTC, PB research/direct data, dealer gamma proxy."
WEIGHT_OF_EVIDENCE_ALLOCATOR,Allocation,Governor,"Combines macro cycle, liquidity, earnings, valuation and market factors so no single pillar drives allocation.",Each pillar has current score/confidence.,Conflicting evidence should change conviction and size rather than force a binary call.,Use aggregate conviction to set tactical target around strategic target.,Do not sell solely because one pillar such as valuation is negative.,"Macro, liquidity, earnings, valuation, market confirmation."
SAA_TAA_DRIFT_GOVERNOR,Allocation,Governor,"Separates strategic target, deliberate tactical target and accidental weight drift caused by market moves.",Actual weights diverge from intended SAA/TAA weights.,Not every overweight is an active view.,Rebalance when drift exceeds tolerance or tactical thesis changes.,Do not mistake price appreciation for a new allocation decision.,"Strategic weights, tactical tilts, actual weights."
NOMINAL_GROWTH_MARGIN_TEST,Macro/Equity,Diagnostic,Tests whether stronger nominal growth lifts revenues/cash flows faster than discount rates and costs rise.,Inflation/nominal GDP and yields rise together.,Higher inflation/yields are not mechanically bearish if nominal earnings accelerate faster.,Condition equity sensitivity on margin/cash-flow response.,Do not use 'yields up = equities down' without earnings context.,"Nominal GDP, revenue growth, margins, yields."
CAPEX_FINANCING_STRESS,Equity/Credit,Diagnostic,"Evaluates whether large capex programs are funded sustainably or increasingly rely on debt, issuance, vendor/customer financing or off-balance-sheet structures.",Capex accelerates materially.,Financing quality can change the risk of an otherwise attractive investment boom.,Reduce conviction when capex outpaces internal cash generation and funding quality deteriorates.,Do not treat all capex growth as equally bullish.,"Capex, FCF, debt issuance, equity issuance, financing structures."
AI_CAPEX_MACRO_PULSE,Macro/Equity,Slow state,Measures the macro growth impulse from hyperscaler/data-center/semiconductor investment.,AI infrastructure spending and related construction/equipment accelerate or decelerate.,AI capex can be a meaningful GDP/industrial demand impulse.,Support infrastructure/semis only when financing and earnings quality also pass.,Do not equate capex dollars with future profitability.,"Hyperscaler capex, data-center construction, equipment, semis."
SAFE_HAVEN_TRANSMISSION,Cross-asset,Rule,"Determines which safe haven should work by tracing the shock through inflation expectations, real yields, USD and liquidity.",Geopolitical/fiscal/financial shock.,"Gold, Treasuries and USD can react differently depending on the transmission path.",Trade the observed transmission rather than the label 'risk-off'.,Do not assume every geopolitical shock is bullish for gold or bonds.,"Breakevens, real yields, USD, liquidity, gold, Treasuries."
EVIDENCE_PROVENANCE_SCORE,Governance,Quality,"Scores evidence by source directness, freshness, independence and verifiability.",Every external/non-primary input.,Confidence should reflect evidence quality as well as model fit.,Use provenance in confidence and double-counting controls.,Do not give equal weight to primary data and unsourced narrative.,Source metadata.
LIQUIDITY_OFFSET_MAP,Liquidity,Composite,"Combines Fed balance sheet, Treasury cash/issuance, fiscal flows, bank credit, USD and global liquidity instead of equating liquidity with QE.",Multiple liquidity channels available.,One tightening channel can be offset by another.,"Use net liquidity impulse in allocation, not a single balance-sheet series.",Do not infer liquidity solely from Fed assets.,"Fed balance sheet, TGA, reserves, credit, USD, global liquidity."
CONCENTRATION_ADJUSTED_MARKET_HEALTH,Equity,Breadth,Separates index strength from the breadth and concentration underlying it.,Cap-weighted index and equal-weight/breadth data diverge.,Strong index returns may coexist with fragile participation.,Reduce conviction when leadership narrows without earnings support.,Do not call the whole market healthy because the index is at a high.,"Equal weight, advance/decline, contribution, earnings breadth."
FORECAST_ENSEMBLE_CALIBRATION,Governance,Model control,Combines multiple macro/market models and scores their historical calibration instead of relying on a single forecast.,Multiple independent forecasts/signals exist.,Ensembles reduce model-specific error if independence is real.,Weight models by out-of-sample calibration and freshness.,Do not average highly correlated models as if they were independent.,"Forecasts, realized outcomes, model correlations."
SLOW_FAST_MACRO_CONSENSUS,Macro,Composite,Compares slow-moving structural indicators with fast real-time nowcasts to distinguish durable regime shifts from short-lived noise.,Slow and fast macro layers are both available.,Agreement raises confidence; divergence signals transition risk.,Use divergence to reduce size and demand confirmation.,Do not let one hot release overturn the structural layer.,"PMIs, nowcasts, labor/inflation trends, structural data."
CROSS_ASSET_TREND_DIFFUSION,Cross-asset,Breadth,Measures how widely trend signals agree across major asset classes and regions.,"Trend states available across equities, bonds, FX and commodities.",Broad agreement is more robust than one-market momentum.,Use diffusion as confirmation for regime confidence.,Do not count closely related assets as independent confirmations.,Trend signals across assets.
CORRELATION_REGIME,Cross-asset,Regime,"Tracks whether key asset correlations are normal, unstable or reversing, affecting diversification and hedge reliability.",Rolling correlations shift materially versus historical bands.,Portfolio hedges can fail when correlation regimes change.,Adjust hedge assumptions and risk budgets.,Do not assume historical stock/bond or gold/USD correlation is permanent.,"Rolling correlations, covariance."
REBALANCE_PRESSURE,Allocation,State,Quantifies how far actual weights have drifted from strategic/tactical targets and the economic urgency of rebalancing.,Weight drift exceeds tolerance or concentration rises.,Portfolio risk can change without any new trade.,"Prioritize meaningful, fee-efficient rebalances.",Do not rebalance tiny deviations that are smaller than transaction costs.,"Targets, actual weights, transaction costs."
FLOW_BREADTH_GOVERNOR,Equity/Positioning,Governor,Combines money-flow direction/persistence with market breadth to govern equity exposure.,Flow and breadth signals available.,Price moves supported by broad persistent flow are more durable.,Increase/decrease tactical equity risk gradually with the composite.,Do not use flow alone as a binary timing signal.,"Money flow, breadth, persistence."
FUNDAMENTAL_PRICE_AGREEMENT,Equity,Confirmation,Tests whether earnings/fundamental direction agrees with price trend.,Fundamental revisions and price trend both available.,Agreement raises confidence; disagreement warns of narrative/positioning risk.,Require stronger sizing when both agree.,Do not short simply because valuation/fundamentals look weak while price remains strong.,"Earnings revisions, price trend."
RECOVERY_COST_DRAWDOWN_BUDGET,Risk,Risk control,Sizes risk with awareness that large drawdowns require disproportionately larger gains to recover.,Any proposed position/allocation change.,Drawdown control has nonlinear value.,Set maximum loss/portfolio drawdown budgets before entry.,Do not evaluate downside only in percentage points without recovery math.,"Position risk, drawdown, volatility."
VALUATION_RATE_GAP,Valuation/Rates,Slow state,Compares equity valuation/earnings yield with prevailing real and nominal rates to measure risk-premium compression.,Valuation and rates both available.,High valuations are more fragile when safe yields are also high.,Lower permissible overweight as the valuation-rate gap compresses.,Do not use valuation as a short-term timing trigger.,"Earnings yield, bond yields, real yields."
PAPER_HARD_ROTATION,Relative value,Slow state,Tracks long-run relative rotation between financial assets and hard/real assets.,Relative-strength trends and valuation/capital-cycle evidence align.,Leadership can migrate for years rather than weeks.,"Use as strategic/tactical tilt prior, not daily trade trigger.",Do not extrapolate one commodity spike into a secular rotation.,"Commodity/equity ratios, valuations, capex, inflation regime."
CONCENTRATION_FRAGILITY,Equity,Risk,Measures dependence of index returns/earnings on a small number of names or themes.,"Contribution concentration, breadth or valuation dispersion becomes extreme.",The index can remain strong while underlying fragility rises.,Reduce concentration and demand stronger confirmation for crowded leaders.,Do not infer imminent crash from concentration alone.,"Index contribution, breadth, valuation, earnings concentration."
SPECULATION_COMPLEX,Positioning,Slow state,"Composite of leverage, issuance, options/speculative activity and valuation excess.",Multiple speculative indicators become extreme.,Fragility rises when leverage and narrative reinforce each other.,Reduce risk budget at extremes; require price confirmation before acting.,Do not short solely because speculation is high.,"Margin debt, options, issuance, unprofitable growth, valuation."
CAPITAL_CYCLE_STATE,Commodities/Equity,Slow state,"Tracks how past returns influence capex, capacity and future supply.",Producer profitability/capex/spare capacity data available.,Underinvestment can create future scarcity; high returns eventually attract supply.,Use with inventories/curve before allocating to producers/commodities.,Do not assume high prices automatically mean near-term new supply.,"Capex, depreciation, spare capacity, inventories, curve."
INSIDER_DIVERGENCE,Equity,Slow confirmation,Compares corporate-insider behavior with public-market enthusiasm.,Reliable insider buying/selling data diverge materially from market sentiment.,Insiders may provide a slow caution/confirmation signal.,Use as low-frequency overlay only.,Do not use noisy insider transactions as a direct trade trigger.,"Insider transactions, valuation, sentiment."
NARRATIVE_CASHFLOW_GAP,Equity,Risk,Measures whether thematic capex/valuation enthusiasm is outrunning actual cash-flow growth and estimate breadth.,Capex/valuation accelerate faster than FCF/revisions.,Transformative technology can still be a poor investment at the wrong economics.,Reduce permissible overweight unless price/breadth/revisions remain strong.,Do not conclude the technology itself is invalid.,"Capex, FCF, valuation, revisions, breadth."
HIRING_BUFFER,Labor,State,"Assesses labor-market resilience through hiring, quits, claims and unemployment duration rather than layoffs alone.",Low-hire/low-fire dynamics or changing labor turnover.,A labor market can look stable while its ability to absorb displaced workers deteriorates.,Raise recession sensitivity when hiring buffer erodes.,Do not equate low layoffs with a healthy labor market.,"Hiring rate, quits, claims, duration."
LABOR_SUPPLY_ADJUSTED_PAYROLL_GAP,Labor,Nowcast,Compares payroll growth with the jobs needed to absorb current labor-supply growth.,Payroll and labor-supply/participation/immigration estimates available.,A fixed '100k jobs' threshold becomes obsolete when labor supply changes.,Interpret payroll strength relative to contemporaneous labor supply.,Do not use one historical payroll threshold across regimes.,"Payrolls, participation, population/immigration, labor force."
INFLATION_BREADTH_CONCENTRATION,Inflation,Diagnostic,Separates generalized inflation from a headline driven by a small number of categories.,Category-level CPI/PCE data available.,Broad inflation is more persistent than concentrated shocks.,Adjust inflation persistence and Fed reaction-function confidence.,Do not infer broad overheating from one or two volatile categories.,CPI/PCE category diffusion/contribution.
PASS_THROUGH_STATE,Inflation,Pipeline,Tracks shock transmission from tariff/energy/import costs through margins into consumer prices and second-round effects.,Cost shock occurs.,"Announcement, import cost, margin absorption and consumer pass-through are distinct stages.",Update inflation risk as the shock moves through the pipeline.,Do not assume announced tariffs equal immediate CPI.,"Tariffs, import prices, margins, producer/consumer prices."
RELEASE_RELIABILITY,Macro,Quality,"Scores a macro release for revisions, temporary distortions, sampling/collection issues and event contamination.",Any major macro release.,Not every print deserves equal weight.,Discount noisy releases in event-aware capital decisions.,Do not treat first print as ground truth when reliability is low.,"Revisions, weather/strikes, response rates, methodology."
FED_SCENARIO_ENGINE,Rates,Scenario,Uses conditional inflation/labor/growth states to map possible Fed paths rather than relying on a single dot-plot point estimate.,Macro states and market pricing available.,Policy is a conditional probability distribution.,Maintain multiple paths and update weights as data change.,Do not treat SEP median as a committee promise.,"Labor, inflation, growth, market pricing, Fed communication."
GROWTH_QUALITY,Macro,Slow state,Distinguishes durable productivity/business-formation/labor-reallocation growth from temporary nominal or fiscal impulses.,"Productivity, business formation and investment composition available.",Growth quality affects how long an expansion can persist without inflation.,Use as strategic macro prior.,Do not infer quality solely from headline GDP.,"Productivity, formation, investment, labor reallocation."
FAST_GROWTH_NOWCAST,Growth/PMI,Nowcast,Uses high-frequency survey internals to estimate current growth before official GDP data.,PMI output/orders and related nowcast variables available.,"Faster than quarterly data, but survey-sensitive.",Use for event/regime updates with reliability checks.,Do not override hard data after large survey distortions.,"PMI output, orders, services/manufacturing."
PMI_INFLATION_PIPELINE,Inflation/PMI,Pipeline,"Tracks PMI input costs, output prices and delivery stress as an early inflation pipeline.",PMI price components available.,Survey price pressure can lead official inflation.,Use as forward inflation input.,Do not treat supplier delays as inflation without decomposing the cause.,"PMI input/output prices, delivery times."
ORDERS_OUTPUT_GAP,Growth/PMI,Diagnostic,Compares new orders with current output to identify future acceleration or backlog exhaustion.,PMI orders/output available.,Orders leading output can signal future production changes.,Use as fast growth momentum input.,Do not use the gap without inventory/backlog context.,"PMI orders, output, backlogs."
PMI_BREADTH,Growth/PMI,Breadth,Measures how widely expansion/contraction is distributed across sectors/regions.,Sector/region PMI data available.,Broad improvement is more durable than one-sector strength.,Raise/lower confidence in the nowcast.,Do not treat one large sector as the whole economy.,Sector/regional PMIs.
DELIVERY_STRESS_DECOMPOSITION,Inflation/PMI,Diagnostic,Separates delivery delays caused by strong demand/capacity pressure from delays caused by exogenous supply disruption.,Delivery times deteriorate.,The same PMI component can imply demand strength or supply shock.,Route to growth or inflation risk depending on cause.,Do not interpret slower deliveries mechanically as stronger demand.,"Delivery times, orders, inventories, shipping/disruption data."
PMI_LABOR_TURN,Labor/PMI,Nowcast,Uses PMI employment/hiring intentions to identify labor turning points before official payrolls.,PMI employment data available.,Survey labor components can lead official employment.,Use as secondary labor confirmation.,Do not replace payroll/claims data with PMI alone.,"PMI employment, hiring intentions."
GLOBAL_TRADE_PULSE,Global macro,Nowcast,"Tracks export orders, shipping and manufacturing breadth to gauge global trade momentum.",Trade-sensitive survey/physical data available.,"Global trade turns can affect cyclicals, EM and commodities.",Use as cross-asset growth input.,Do not infer global trade from one country's exports.,"Export orders, shipping, trade volumes."
PMI_MARGIN_PRESSURE,Equity/Inflation,Diagnostic,Compares input-cost pressure with firms' ability to raise output prices.,PMI input and output price indices available.,Costs rising faster than selling prices can compress margins.,Use in earnings/margin risk scoring.,Do not treat high input costs as negative if pricing power is equally strong.,PMI input/output prices.
PMI_SHOCK_ADJUSTER,Macro/PMI,Quality,"Down-weights PMI signals distorted by lockdowns, weather, strikes, stockpiling or abnormal delivery mechanics.",Known temporary shock affects survey responses.,Survey level may not represent underlying demand.,Reduce nowcast confidence temporarily.,Do not discard the whole survey permanently.,"Event metadata, PMI internals."
STRATEGIC_PERMISSION_OPEN,Execution,State,Layer 1 capital is authorized for deployment; tactical conditions may change pace but not cancel permission indefinitely.,Strategic floor/underweight/schedule authorizes capital.,Strategic objective has priority over tactical perfection.,Deploy in fee-efficient tranches within max deferral.,Do not keep cash indefinitely because Layer 3 is neutral.,"Strategic target, cash, schedule."
TACTICAL_BLOCKED,Execution,State,"Layer 2/3 capital is not currently authorized because timing, expression, event or friction conditions fail.",One or more tactical gates fail.,Tactical risk is withheld while strategic rules remain separate.,Wait for specified confirmation or use alternative expression.,Do not interpret as a blanket portfolio risk-off signal.,Technical/event/expression/friction gates.
NO_CHASE,Technical/Execution,State,The setup may be attractive directionally but the current price is too extended relative to the defined entry plan.,Price runs beyond acceptable entry zone without a new base/retest.,Risk/reward deteriorated even if thesis remains valid.,Wait for consolidation/retest or another expression.,Do not convert FOMO into a larger order.,"Price distance, ATR, support/resistance."
LONG_END_STRESS,Rates,State,Long-term Treasury yields are above a framework stress threshold or rising fast enough to pressure duration-sensitive assets.,"Typical Crown threshold includes the 30Y around/above 5%, subject to context.",Long discount rates are a portfolio headwind independent of front-end policy.,Raise hurdle for duration and financing-dependent assets.,Do not assume immediate equity collapse.,10Y/30Y yields and changes.
FRAGILE_RALLY,Equity/Volatility,State,"Equities rise while breadth, volatility, credit or rates confirmation remains weak.","Index up with warning signals such as VIX up, narrow breadth or long-end stress.",Price is constructive but internally vulnerable.,Stay invested selectively; avoid leverage/chasing.,Do not equate fragility with a confirmed bear market.,"Index, breadth, VIX, credit, rates."
MACRO_POSITIONING_CONFLICT,Macro/Positioning,State,Macro backdrop and positioning/flow point in opposing directions.,Macro score and positioning score have materially opposite signs.,Near-term price can diverge from macro fair value.,Reduce conviction and wait for price/cross-asset confirmation.,Do not choose one side automatically.,"Macro composite, positioning."
FED_MARKET_TIGHTENING_REPRICE,Rates,State,Markets price materially tighter policy/financial conditions than previously expected.,Front-end yields/OIS/Fed probabilities reprice higher.,Risk assets face a higher discount-rate hurdle.,Reduce tactical duration/growth sensitivity.,Do not infer long-end behavior without term-premium analysis.,2Y/OIS/Fed pricing.
NEGATIVE_GAMMA_RISK,Options,State,"Dealer positioning is estimated to be short gamma, which can amplify directional moves.",Dealer-gamma proxy below zero/threshold.,Hedging flows may reinforce price movement.,Reduce leverage; expect wider intraday range.,Do not treat gamma sign as directional forecast.,Dealer gamma proxy/options positioning.
MEGACAP_CROWDING_RISK,Positioning/Equity,State,Mega-cap positioning/valuation is crowded enough to raise unwind risk.,Positioning and/or valuation reaches extreme historical percentile.,Good news may have fewer incremental buyers.,Reduce chase size; use breadth/earnings confirmation.,Do not short solely because a name is crowded.,"Positioning, valuation, price."
AI_CROWDING_RISK,Positioning/Equity,State,AI-related exposure is crowded enough to raise fragility or squeeze/unwind risk.,AI positioning composite extreme.,Positioning can dominate short-horizon reactions.,Size down and differentiate sub-groups.,Do not treat all AI assets as equally crowded.,"Positioning, options, valuation."
CROWDED_COPPER_LONG,Positioning/Commodities,State,Copper long positioning is historically crowded.,CFTC/flow percentile extreme.,Upside can persist but reversal sensitivity rises.,Avoid late leverage and monitor liquidation risk.,Do not short solely because positioning is crowded.,CFTC/flow.
INFRASTRUCTURE_LEADERSHIP,Rotation,State,Infrastructure is outperforming relevant broad-market benchmarks on a sustained basis.,Relative-strength trend positive.,Physical-capex/defensive real-asset leadership may be broadening.,Supports infrastructure tilt if fundamentals/valuation agree.,Do not infer macro cause from price alone.,"Relative strength, breadth."
GOLD_LOSING_TO_INDUSTRIALS,Rotation,State,"Gold underperforms industrial/cyclical assets, indicating weaker defensive monetary leadership.",Gold-relative ratios trend lower.,Market may prefer growth/real-activity exposures over monetary hedge.,Reduce tactical gold enthusiasm unless other gold drivers confirm.,Do not abandon strategic gold solely on relative performance.,Gold/industrial ratios.
AI_BOTTLENECK_LEADERSHIP,Rotation,State,AI hardware/infrastructure bottleneck beneficiaries outperform broader AI/software exposure.,Semis/hardware/infrastructure relative strength leads.,Scarce physical capacity is capturing more economics.,Favor bottleneck beneficiaries when earnings/financing confirm.,Do not extrapolate indefinitely after vertical moves.,"Relative strength, earnings, capex."
ROTATION_NOT_CRASH,Market structure,State,Leadership is changing within risk assets without evidence of a broad systemic liquidation.,Sector dispersion rises while credit/breadth/systemic stress remain contained.,Weakness in one theme may be rotation rather than market breakdown.,Rotate selectively rather than de-risking everything.,Do not call every leadership break a crash.,"Sector relative strength, credit, breadth."
MEGACAP_CONCENTRATION_RISK,Market structure,State,A small number of mega-cap stocks account for an unusually large share of index performance or earnings.,Contribution/concentration exceeds historical bands.,Index-level diversification is weaker than it appears.,Use equal-weight/breadth checks and diversify satellite risk.,Do not infer immediate downside.,"Index contribution, earnings concentration."
GOLD_HEDGE_FAILURE,Market structure,State,Gold fails to provide expected diversification during a specified risk shock.,Risk-off/hedge environment occurs but gold does not respond as expected.,The shock is transmitting through yields/USD/liquidity differently.,Use safe-haven transmission analysis before adding.,Do not assume the long-term gold thesis is permanently invalid.,"Gold, yields, USD, risk assets."
BOND_HEDGE_FAILURE,Market structure,State,Long-duration government bonds fail to rally during an equity/risk shock.,Risk assets weaken but long yields do not fall/bonds do not rise.,Inflation/term-premium/fiscal stress may be dominating.,Reduce assumed bond hedge ratio; consider shorter duration.,Do not conclude bonds are permanently useless diversifiers.,"Equities, Treasury returns/yields, inflation expectations."
MIXED_TRANSITION,Macro,Regime,Macro signals are mixed and the economy/markets appear to be transitioning between clearer regimes.,Major macro pillars disagree or their momentum is changing.,Conviction should be lower than in a clean expansion/recession/inflation regime.,Use smaller tactical tilts and demand cross-asset confirmation.,Do not force a single macro narrative.,"Growth, inflation, labor, liquidity, rates."
NEUTRAL_RANGE,Market structure,Regime,Price action is broadly range-bound/neutral rather than in a clean trend.,Trend/momentum and support-resistance evidence are mixed.,Directional edge is limited; relative value and staged entries matter more.,Avoid large directional tactical bets; focus on levels and diversification.,Do not interpret neutral as bearish.,"Price trend, breadth, volatility."
STRATEGIC_OPEN_AT_FLOOR,Execution,State,Layer 1 is authorized at least at the minimum strategic deployment amount.,Strategic schedule/underweight and cash availability meet the floor.,Capital should be deployed fee-efficiently within the maximum deferral window.,Execute the strategic floor even if tactical timing is not perfect.,Do not let a tactical block cancel the strategic floor.,"Strategic allocation, cash, schedule."
SYSTEMATIC_WINDOW_OPEN,Execution,State,A scheduled/systematic investment window is currently open.,Current date falls inside the predefined deployment window.,Systematic capital has permission to deploy subject to operational/compliance checks.,Execute according to the systematic schedule.,Do not convert a routine window into a discretionary market-timing exercise.,"Calendar, systematic allocation rules."
BREADTH_BROADENING,Equity,State,Participation is widening beyond the previous narrow leadership group.,"Advance/decline, equal-weight and sector participation improve.",The rally is becoming less dependent on a few names.,Support broader equity exposure if credit/rates remain compatible.,Do not assume broadening is complete after one session.,"Breadth, equal-weight, sector participation."
BREADTH_NARROWING,Equity,State,Market gains are increasingly concentrated in fewer stocks/sectors.,Breadth/equal-weight deteriorate while cap-weighted index holds up.,Index strength is becoming more fragile.,Favor quality and reduce concentrated tactical chase risk.,Do not call an immediate market top solely from narrowing breadth.,"Breadth, equal-weight, contribution."
POST_EVENT_CONFIRMATION_PENDING,Event-aware,State,A major release has occurred but the cross-asset reaction has not yet stabilized enough for a directional conclusion.,Release is out but rates/FX/equities/commodities are giving mixed or early signals.,The first price impulse may be noise or positioning rather than durable information.,Wait for the defined cross-asset sequence before releasing tactical capital.,Do not trade the headline alone.,"Release surprise, 2Y/10Y/30Y, curve, USD, breadth, vol."
AI_RECOVERING_DISPERSION_CONFIRMATION_REQUIRED,Equity/AI,State,"AI-related assets are recovering, but leadership is uneven and breadth/earnings confirmation is still required.",Price rebound occurs with mixed participation across AI sub-groups.,Recovery is real but not yet robust enough for indiscriminate AI exposure.,Prefer selective quality/earnings-backed expressions; avoid blanket chase.,Do not interpret index rebound as uniform AI health.,"AI subgroup breadth, earnings revisions, positioning, price."
RISK_ON,Cross-asset,Regime,Multiple risk-sensitive assets and market internals are confirming improving risk appetite.,Equities/credit/breadth/volatility align constructively.,Risk-taking is broadly being rewarded.,Allow normal tactical risk subject to valuation and event gates.,Do not ignore concentration or term-premium stress.,"Equities, credit, breadth, volatility, USD/rates context."
RISK_OFF,Cross-asset,Regime,Multiple risk-sensitive assets and internals are confirming defensive behavior.,Equities/credit/breadth weaken while volatility/defensive demand rise.,Capital preservation has higher short-term value.,Reduce tactical beta and favor robust hedges/liquidity.,Do not assume every defensive asset will work; check safe-haven transmission.,"Equities, credit, vol, breadth, safe havens."
BLOCK_FRICTION_NO_EDGE_ESTIMATE,Execution,Execution state,A tactical order is blocked because estimated round-trip transaction cost is too large and no sufficient expected edge has been documented.,Fixed commission/spread burden exceeds the configured threshold and expected edge is unavailable.,"The idea may be valid, but the proposed size is economically inefficient.","Increase order size, wait for a better setup, or reject the trade.",Do not interpret this as a bearish view on the asset.,"Order notional, commissions, spread, expected edge."
NEEDS_CASH_FLOW_LEDGER,Self-audit,Data state,The VWCE cash-flow-matched counterfactual cannot be calculated because contribution dates/amounts have not been supplied.,No usable cash_flow_ledger.csv is present.,The audit is incomplete on opportunity cost from idle cash.,Provide contribution dates and amounts; other audit components continue normally.,Do not assume Crown beat or lost to DCA without this baseline.,Cash contribution ledger.
STRATEGIC_UNDERDEPLOYMENT,Self-audit/Execution,Audit state,Strategic capital remained uninvested beyond the permitted schedule/deferral despite available cash and strategic authorization.,Strategic permission open + available cash + no execution beyond max deferral.,Tactical caution has improperly overridden Layer 1.,Flag as process failure and quantify delay cost.,Do not confuse deliberate cash allocation with accidental underdeployment.,"Strategic target, cash, permission date, trades."
ENTRY_DEAD_ZONE,Self-audit/Technical,Audit state,"Entry rules rejected the asset near support and later rejected it as too extended, causing the framework to miss the entire move.",No starter at reversal/support + later NO_CHASE after a material rally.,Confirmation requirements are too binary or too slow.,Use staged starter/add logic and measure false negatives.,Do not lower all entry standards; repair the sequencing rule.,"Signals, price path, execution history."
LATE_CONFIRMATION,Self-audit,Audit state,Crown eventually authorized a trade only after a material portion of the move had already occurred.,Initial WAIT/BLOCK followed by BUY/ADD after a threshold forward move.,Risk control may have become expensive opportunity cost.,Measure price/unit loss from delay and recalibrate the confirmation gate.,Do not assume every delayed entry is bad; avoided drawdowns matter too.,"Signal history, trade date, price path."
MISSED_OPPORTUNITY,Self-audit,Audit state,Crown had a buy/add thesis but no execution occurred and the asset subsequently moved materially in the expected direction.,Expired buy-like signal + no matching trade + positive forward return above threshold.,A false negative or execution failure occurred.,"Attribute to timing, strategic veto, expression or user override.",Do not count tiny/noisy moves as missed opportunities.,"Signal history, trades, forward returns."
CORRECT_AVOIDANCE,Self-audit,Audit state,Crown withheld a trade and the subsequent price path validated that decision.,WAIT/NO_CHASE/BLOCK + no execution + materially adverse forward return.,The gate added value by avoiding a loss.,"Credit the relevant gate, net of any later opportunity cost.",Do not reward avoidance if strategic capital was still required elsewhere.,"Signal history, price path."
USER_OVERRIDE_ALPHA_DRAG,Self-audit,Audit state,Measures whether the user's action differing from Crown's recommendation added or destroyed value.,Actual execution conflicts with recorded Crown action and enough forward data exist.,Discretion and model performance can be separated empirically.,Track override alpha/drag rather than judging anecdotes.,Do not treat one successful override as proof the framework is useless.,"Signal, execution, forward returns."
SIGNAL_COMPLIANCE_OVERRIDE_COST,Self-audit,Audit state,"Tracks the economic cost/benefit of following, delaying or overriding Crown signals.",Persistent signal IDs can be matched to actual trades and subsequent returns.,Decision-process compliance becomes measurable.,Use in calibration of gates and execution discipline.,Do not optimize behavior to maximize hit rate at the expense of risk-adjusted outcomes.,"Signal ledger, trade ledger, counterfactual."
CALIBRATION_SHADOW,Governance,Calibration state,Signal weights are being evaluated historically but are not yet allowed to alter live allocations because the sample is too small.,Resolved sample below configured minimum (20 resolved 20-day observations by default).,The framework is learning without overfitting live capital.,Report suggested weights but keep live weights unchanged.,Do not promote a signal after a handful of wins.,"Resolved signals, forward outcomes."
DATA_QUALITY_DEGRADED,Governance,Data state,"One or more required data inputs are missing, stale, inferred or failed to retrieve, reducing confidence without forcing fabricated values.",Price/API/input or reconciliation failure occurs.,The run remains usable but affected outputs must be interpreted with lower confidence.,Mark affected modules and exclude inferred items from performance attribution.,Do not fill missing data with guesses.,"Data freshness, API errors, reconciliation flags."
SIGNAL_CLASS_HORIZON_EXPIRY,Governance,Rule,"Every signal declares whether it is a condition, timing, sizing or invalidation input, together with horizon and expiry.",Any signal enters the canonical registry.,Condition indicators change risk budgets and confirmation thresholds; only compatible timing signals authorize tactical execution.,Reject or down-weight signals missing class/horizon/expiry; prevent condition warnings from silently becoming trades.,Do not treat a vulnerability indicator as a trade trigger without a compatible timing signal.,"Canonical signal registry, signal metadata."
TREASURY_FIVE_PART_DECOMPOSITION,Rates,Diagnostic,"Decomposes long Treasury yields into expected short rates, inflation/growth fair value, term premium, supply/intermediation and positioning/technicals.",A material move occurs in 10Y/30Y yields or a Treasury auction.,Different components imply different persistence and asset transmission.,"Route the move to Fed, fiscal/term-premium, liquidity or positioning logic before changing duration risk.",Do not label every yield increase as hawkish Fed or fiscal stress.,"OIS/2Y, inflation/growth, term-premium model, auction/dealer data, positioning."
LIQUIDITY_PLUMBING_STRESS,Liquidity,Diagnostic,"Measures funding-market stress through reserves/QT, TGA/ON RRP, SOFR-IORB, SRF, swap spreads and Treasury-basis dislocations.",Funding metrics move away from normal corridor/arbitrage relationships.,The system may be experiencing balance-sheet scarcity even when broad macro liquidity looks adequate.,Raise tactical fragility and distinguish funding support from solvency support.,Do not assume a liquidity backstop fixes earnings or solvency problems.,"Reserves, TGA, ON RRP, SOFR-IORB, SRF, swap spreads, basis."
CROSS_ASSET_COHERENCE,Cross-asset,Confirmation,"Scores whether independent downstream markets confirm, contradict or give mixed evidence about one causal thesis.","One event or macro thesis has observable reactions in rates, USD, credit, volatility, breadth and relevant commodities.",Aligned independent evidence raises confidence; contradiction reduces it.,Use as a tactical confirmation/veto and record each independent evidence item.,Do not count correlated descendants of one shock as independent votes.,"Rates, USD, credit, vol, breadth, commodities, regional FX."
CAUSE_DEDUPLICATION,Governance/Event-aware,Rule,Maintains one canonical event/cause and treats downstream market moves as evidence rather than separate shocks.,Several signals arise from the same underlying event.,Prevents double-counting one narrative five times.,Assign common event_id/cause_id and count independent confirmations only.,Do not increase confidence merely because the same cause appears in several derived indicators.,"Event ledger, signal provenance graph."
NARRATIVE_HALF_LIFE,Event-aware,State,"Every event narrative decays unless refreshed by physical, fundamental or market confirmation.",Event headline occurs or an event flag is created.,Unconfirmed narratives lose decision weight through time.,"Store half-life, next review and expiry; move through shock/repricing/confirmation/persistence/reversal/expiry phases.",Do not leave event flags permanently active because the story remains in the news.,"Event timestamps, physical confirmation, price closes, policy updates."
USD_TRUTH_SERUM_DIVERGENCE,FX/Cross-asset,Diagnostic,"Compares the dollar reaction with the direction implied by rates, risk and the event narrative.",USD reaction diverges from the expected macro transmission.,"The narrative may be incomplete, crowded or wrong.","Lower tactical confidence and investigate relative growth/rates, safe-haven demand and positioning.",Do not assume USD always follows US yields or always behaves as a safe haven.,"DXY/major FX, rates, risk assets, event direction."
ASIA_OVERNIGHT_LEAD,Cross-asset/Asia,Confirmation,"Uses Asian equities, semiconductors and FX as an overnight lead for global/AI/EM risk, requiring US-session confirmation.","KOSPI/Taiwan semis, KRW/TWD/CNH, Nikkei and US futures move coherently overnight.","Asia can reveal the first transmission of semiconductor, China or carry stress.","Use as execution evidence for VFEA/semis/global beta, not as a standalone allocation trigger.",Do not assume an overnight move will persist into the US session.,"KOSPI, Taiwan semis, KRW/TWD/CNH, Nikkei, US futures."
EARNINGS_REVISION_BREADTH,Equity/Fundamental,Signal,"Measures breadth, magnitude and persistence of EPS/sales revisions and guidance across company, sector and market levels.",Point-in-time analyst revisions are available over 1w/4w/13w horizons.,Broad persistent upward revisions are stronger than a single headline beat.,Increase fundamental conviction only when revisions are broad and post-event price confirms.,Do not count repeated forecasts from the same analyst as independent breadth.,"EPS/sales revisions, guidance, sector breadth."
BACKLOG_QUALITY,Equity/Fundamental,Signal,"Evaluates backlog by growth, book-to-bill, funded/contracted share, duration visibility and margin conversion, penalized for concentration/cancellation/financing risk.",A company or sector cites backlog/order growth.,"Backlog matters only to the extent it is funded, deliverable and profitable.",Prefer durable funded backlog with cash/margin conversion; cap weak-quality backlog.,Do not treat a large headline backlog as automatically bullish.,"Backlog, book-to-bill, contracts, concentration, cancellation terms, margins/FCF."
AI_SUPPLIER_SPENDER_DIVERGENCE,Equity/AI,Diagnostic,Separates AI physical-capacity suppliers from hyperscaler/platform spenders and detects divergent economics.,Supplier revisions/backlog/pricing and spender capex/FCF/financing move differently.,Suppliers can benefit from capex while spenders face monetization or financing pressure.,Prefer the stronger side of the AI capital cycle rather than treating AI as one trade.,Do not infer that strong AI capex makes both suppliers and spenders equally attractive.,"Supplier revisions/backlog, capex, FCF, debt/equity issuance, buybacks, monetization."
GROWTH_DURATION_PRESSURE,Rates/Equity,Composite,"Combines real/nominal 10Y momentum, 2Y/Fed repricing, credit spreads, energy-inflation impulse and growth/value relative weakness.",Concentrated growth or semiconductors are being evaluated tactically.,Elevated score means the discount-rate/funding hurdle is rising faster than growth leadership can absorb.,Reduce Layer 2/3 concentrated-growth size while leaving Layer 1 strategic investing intact.,Do not automatically sell all technology because yields rise.,"2Y, 10Y, real yields, credit, energy, growth/value relative strength."
MARKET_STAGE_1_BASE,Technical/Regime,Market stage,"Basing/accumulation stage after a decline, with flat/range-bound price and unreliable trend signals.",Trend/range evidence matches a Stage 1 base.,Opportunity is forming but directional conviction is low.,"Preserve capital, build watchlists, use smaller tactical risk.",Do not force breakout trades before confirmation.,"Trend, range, moving averages, breadth."
MARKET_STAGE_2_ADVANCE,Technical/Regime,Market stage,Confirmed advancing trend with higher highs/lows and improving leadership/breadth.,Trend and breadth confirm an advance.,Trend-following tactics have their best environment.,"Own leaders, buy controlled pullbacks and allow normal tactical size.",Do not chase vertically extended entries.,"Trend, breadth, relative strength, volatility."
MARKET_STAGE_3_DISTRIBUTION,Technical/Regime,Market stage,"Topping/distribution stage where momentum fades, failed breakouts rise and leadership narrows.",Distribution/breadth/leader evidence deteriorates while headline price remains elevated.,The market is fragile even before the index fully breaks.,"Reduce tactical size, tighten risk and close chase gates.",Do not liquidate Layer 1 solely because Stage 3 is detected.,"Breadth, equal-weight, leaders, downside volume, vol/credit."
MARKET_STAGE_4_DECLINE,Technical/Regime,Market stage,Established declining trend with lower highs/lows and selling pressure dominating.,Price/trend evidence confirms sustained decline.,Long tactical expectancy is poor except for explicit countertrend setups.,"Avoid normal Layer 2/3 longs, use defensives/cash and separate short-risk budget if enabled.",Do not cancel scheduled Layer 1 investing merely because the tactical stage is Stage 4.,"Trend, breadth, relative strength, volatility."
TREND_MATURITY_DISTRIBUTION_RISK,Technical/Market structure,Risk,"Measures deterioration beneath a still-elevated index through narrowing breadth, leader lower highs, failed breakouts, downside volume, volatility divergence, defensive rotation and credit non-confirmation.",Late-stage trend character weakens before headline index trend fails.,The trend may be mature and vulnerable to correlation/breadth deterioration.,Scale Layer 2 exposure down and close chase gates.,Do not use distribution risk as an automatic market-top call.,"Breadth, leaders, volume, vol, defensives, credit."
TACTICAL_VOLATILITY_SIZING,Execution/Risk,Rule,"Scales tactical size by market stage, volatility, event risk, liquidity and entry extension rather than fixed euro amount alone.",Any Layer 2/3 position is proposed.,The same thesis deserves less capital in noisier or later-stage regimes.,Apply multiplicative risk reducers bounded at the approved base risk.,Do not let confidence multipliers raise risk above the base cap.,"Stage, realized/implied vol, event/liquidity state, extension."
ENTRY_QUALITY,Technical/Execution,State,"Classifies an entry as ATTRACTIVE, ACCEPTABLE, EXTENDED or CHASE_BLOCKED using trend distance, ATR extension, gaps/consecutive moves and post-event move already realized.",A tactical entry is evaluated.,Entry quality is separate from thesis quality.,Use normal/staged/zero tactical size according to state and wait for reset if extended.,Do not use oscillator extremes alone as the entry decision.,"20/50DMA distance, ATR, breakout distance, gaps, event move."
LIQUIDATION_FUNDAMENTAL_DISLOCATION,Risk/Market structure,Classifier,"Classifies a sharp drawdown as LIQUIDATION_LIKELY, FUNDAMENTAL_LIKELY, MIXED or INSUFFICIENT_DATA using speed, volatility, flows/OI/margin, macro/physical confirmation and rebound behavior.",Large abrupt move occurs in a commodity or risk asset.,Forced selling and fundamental impairment have different re-entry logic.,"Use liquidation classification to change cooling-off/confirmation rules, never as an automatic buy.",Do not average down merely because a move looks forced.,"Price speed, vol, OI, margin/flows, macro/physical data, rebound."
GOLD_STRUCTURAL_TACTICAL_SPLIT,Precious metals,Architecture,Maintains separate structural gold-hedge support and tactical gold-pressure scores.,Gold is considered for strategic or tactical allocation.,Structural support can remain high while tactical conditions are poor.,Allow planned strategic tranches while blocking tactical chase/miner adds when tactical pressure is high.,Do not mechanically net structural and tactical scores into one number.,Fiscal/reserve/geopolitical structural inputs; real yields/USD/trend/positioning tactical inputs.
SILVER_HYBRID_PARTICIPATION,Precious metals,Composite,Requires both monetary and industrial confirmation for silver and penalizes disagreement between them.,Silver allocation/trade is evaluated.,Silver behaves as both monetary metal and industrial/high-beta asset.,Use smaller size and larger volatility haircut than gold; demand dual confirmation.,Do not treat silver as simply cheaper gold.,"Gold regime, real yields/USD, manufacturing/orders, copper/industrial metals, flows/breadth."
OIL_PHYSICAL_STRESS,Commodities,Composite,"Measures oil tightness from curve, inventories, refinery/product stress, shipping/tanker stress, supply disruption, Brent-WTI and demand validation.",Oil/geopolitical risk is evaluated.,Physical confirmation distinguishes durable tightness from headline premium.,Route confirmed stress into inflation/duration risk; do not automatically chase energy equities.,Do not use spot crude alone as the physical-stress measure.,"Curve, inventories, cracks/products, shipping, disruption, demand."
LNG_REGIONAL_TIGHTNESS,Commodities/Gas,Composite,"Tracks Henry Hub, TTF and JKM separately using storage, flow surprises, cargo pull, export utilization, weather and terminal/shipping concentration.",Regional gas stress is evaluated.,Gas is regional; basis and infrastructure determine transmission.,Apply regional/sector effects rather than a global-gas blanket signal.,"Do not collapse Henry Hub, TTF and JKM into one score.","Regional prices/spreads, storage, feedgas, terminals, shipping, weather."
COMMODITY_INFLATION_TRANSMISSION,Commodities/Inflation,Pipeline,"Models energy shock through products/freight/fertilizer into breakevens, rates, USD, growth equities and consumer stress.",Commodity/energy shock occurs.,Second-order transmission matters more than the headline crude move.,Adjust inflation/rates/growth risk only when downstream transmission confirms.,Do not infer persistent inflation from oil direction alone.,"Products, freight, fertilizer, breakevens/swaps, 2Y/10Y, consumer stress."
INSTRUMENT_PURITY_AUDIT,Execution/Governance,Quality,Evaluates whether an instrument actually delivers the intended sleeve exposure versus unintended factor betas and regime instability.,Any ETF/ETC/future is assigned to a sleeve.,Low-purity instruments can contaminate allocation and attribution.,Cap sizing and disclose dominant unintended factor; prefer cleaner alternative.,Do not trust an instrument label as proof of economic exposure.,"Intended/unintended betas, tracking error, structure, regime stability."
EVENT_PREMIUM_BUILD,Options/Volatility,State,Short-dated implied volatility rises ahead of a known catalyst.,Front-end vol steepens/rises ahead of event.,Price drift may reflect hedging and premium rather than directional conviction.,Reduce tactical size and avoid chasing pre-event drift.,Do not interpret higher IV as directional information.,"VIX1D/VIX9D, event calendar, skew/gamma."
IV_CRUSH_SUPPORT,Options/Volatility,State,"Implied volatility collapses after an event, temporarily reducing hedging pressure and supporting price.",Event passes and short-dated IV falls sharply.,Mechanical support may appear even without new fundamental information.,Use as temporary support only with breadth/rates confirmation.,Do not treat IV crush as a durable bullish thesis.,"Event IV, realized move, breadth, rates."
NEGATIVE_GAMMA_ACCELERATION,Options/Volatility,State,Dealer hedging is estimated to reinforce price direction when gamma is negative.,Gamma proxy is materially negative and price moves through relevant levels.,Move distribution can widen and intraday momentum can self-reinforce.,Reduce leverage and widen expected range while preserving hard max loss.,Do not use gamma sign as a directional forecast by itself.,"Gamma proxy, spot, options OI/vol surface."
POSITIVE_GAMMA_PIN,Options/Volatility,State,Estimated positive dealer gamma tends to dampen movement and increase range/pinning behavior.,Gamma proxy materially positive near large strikes/levels.,Hedging flows may oppose price movement.,Avoid chasing breakouts without confirmation; favor range-aware execution.,Do not assume positive gamma prevents a fundamental breakout.,"Gamma proxy, strikes, spot, vol."
SQUEEZE_EXHAUSTION,Options/Positioning,State,Forced covering appears largely complete and continuation requires new fundamental or discretionary buyers.,Gamma/delta reversal and positioning normalize after a squeeze while breadth/dispersion fail to confirm.,Mechanical buying impulse is fading.,Close chase gates and demand new confirmation for further tactical adds.,Do not automatically short simply because a squeeze is mature.,"Gamma/delta, positioning, breadth, dispersion."
DISPERSION_FRAGILITY,Options/Market structure,State,"Index calm masks large single-stock dispersion and low implied correlation, creating fragility if correlations suddenly rise.",Single-stock/index vol contrast and dispersion are extreme while index vol remains subdued.,Diversification inside the index can disappear quickly in a correlation shock.,Retain defensives and reduce concentrated tactical beta.,Do not equate low index VIX with low stock-level risk.,"Single-stock/index IV, dispersion, implied correlation, breadth."
CORRELATION_SHOCK,Options/Market structure,State,"Constituent correlations jump higher, causing index-level moves to accelerate and diversification to weaken.",Implied/realized correlation rises sharply from a low-dispersion regime.,Many positions can move together unexpectedly.,"Reduce concentration, reassess hedge ratios and retain liquidity/defensives.",Do not assume historical stock/bond or sector correlations remain valid.,"Implied/realized correlation, dispersion, index/constituent vol."
EVENT_EXPECTED_MOVE_ENGINE,Event-aware/Options,Rule,"Compares pre-event implied move/skew/gamma with post-event realized move, IV crush, gap retention, cross-asset response and 1/3/5-session drift.",Major macro/earnings event has defined option/event data.,Separates volatility edge from directional/persistence edge.,Use to evaluate event trade quality and whether the move is retained or reversed.,Do not judge event success only by the first candle.,"Expected move, realized move, IV, gap, rates/USD, drift."
TREASURY_SETTLEMENT_MICRO_LIQUIDITY,Liquidity/Event-aware,State,"Tracks short-lived liquidity effects from Treasury settlements, tax dates and cash-management operations through reserves/repo plumbing.",Large bill/coupon settlement or tax/quarter-end cash movement occurs.,Can amplify markets for roughly 1-3 sessions without changing the macro liquidity regime.,Use as tactical timing amplifier with hard expiry unless broader liquidity confirms.,Do not promote a one-day settlement effect into a permanent liquidity regime.,"Settlement calendar, TGA, reserves, ON RRP, SOFR-IORB, SRF/repo."
SYSTEMATIC_FLOW_CALENDAR,Positioning/Event-aware,State,"Tracks OPEX/VIX expiry, index rebalances, month/quarter-end, CTA threshold proximity and vol-control direction.",Known mechanical-flow window approaches.,Price can temporarily deviate from fundamentals due to forced/mechanical flow.,Lower confidence in short-horizon price signal and apply expiry; never change strategic targets directly.,Do not invent flow direction when exposure data are unavailable.,"OPEX/expiry/rebalance calendar, CTA thresholds, vol-control estimates."
EXECUTION_TICKET_COMPLETE,Execution/Governance,Compliance state,"Confirms that a Layer 2/3 trade has a complete pre-trade record: layer, setup, entry, invalidation, stop/time stop, max loss, units, event/liquidity state and re-entry rule.",Any Layer 2/3 order is proposed.,A complete ticket makes the decision auditable and prevents post-hoc rule changes.,Block incomplete discretionary Layer 2/3 execution.,Do not waive required fields because conviction feels high.,Trade ticket fields.
LAYER_INTEGRITY,Execution/Governance,Rule,Prevents a failed short-term trade from silently becoming a tactical or strategic holding.,"A trade is stopped, invalidated or exceeds its original horizon.",Changing the holding horizon changes the thesis and risk contract.,Close/reassess and create a new decision if another layer genuinely wants the asset.,Do not migrate a losing trade to avoid realizing a loss.,"Trade layer, horizon, invalidation, postmortem."
DRAWDOWN_RISK_STATE,Execution/Risk,State,"Maps Layer 3 risk permission to NORMAL, CAUTION, RECOVERY or LOCKOUT using tactical-sleeve drawdown/recovery evidence.",Tactical sleeve drawdown/recovery thresholds are crossed.,Risk should fall mechanically as drawdown deepens rather than increasing to recover faster.,Apply calibrated multipliers approximately 1.0/0.5/0.25/0 and require review before re-risking.,Do not apply tactical drawdown lockout to scheduled Layer 1 purchases.,"Tactical NAV/drawdown, recovery days, compliance."
COOLDOWN_ACTIVE,Execution/Risk,State,Temporarily prohibits same-instrument re-entry after a stop unless a pre-authorized re-entry setup existed before the first trade.,Layer 3 trade stops out or is invalidated.,Cooling-off reduces revenge trading and repeated whipsaw.,Wait until the next decision bar/defined cooldown or pre-authorized setup.,Do not create a new re-entry rule after the stop simply to get back in.,"Stop timestamp, setup registry, decision bars."
EXECUTION_COMPLIANCE_DEGRADED,Execution/Governance,Audit state,"Flags repeated incomplete tickets, oversizing, stop widening, time-stop breach, layer migration, cooldown breach or event-gate bypass.",One or more execution-discipline rules are violated.,Process quality is deteriorating even if recent P&L happens to be positive.,Reduce allowed Layer 3 risk and require review until compliance improves.,Do not reward rule-breaking because one trade made money.,"Execution tickets, trades, postmortems, compliance ledger."
MACRO_SURPRISE_PATH,Macro/Event-aware,Signal,"Interprets releases using actual-consensus surprise, prior revision, composition, pre-event pricing, policy-path change and cross-asset confirmation, with direction/confidence/half-life.",Major macro release occurs.,The path/reaction function matters more than a good/bad headline label.,Use the complete surprise-to-path record before releasing tactical capital.,Do not ignore revisions or pre-event expectations.,"Actual/consensus/prior, components, OIS/path, rates/USD/cross-asset response."
CENTRAL_BANK_DIVERGENCE,FX/Rates,Relative-value signal,"Compares current rates, priced 3m/6m/12m policy paths, growth/inflation surprises, guidance and balance-sheet direction between two regions.",Currency/regional relative value is evaluated.,Expected path changes often matter more than the spot rate gap.,Use in FX/regional equity relative-value and translation analysis.,Do not trade currencies on current policy-rate differentials alone.,"Policy curves, surprises, guidance, balance sheets."
FX_TRANSLATION_RISK,Portfolio/FX,Attribution state,Separates local-asset return from currency contribution to the EUR investor and identifies hedge-relevant FX risk.,Portfolio holds non-EUR assets or unhedged funds.,The same local-market outcome can produce different EUR returns.,"Report local return, FX return, total EUR return and hedge note separately.",Do not confuse an FX hedge decision with an asset-allocation decision.,"Holding currency mix, hedge status, local/FX returns."
FORECAST_CALIBRATION_BRIER,Governance/Self-audit,Calibration state,"Scores ex-ante probabilistic forecasts with Brier/log loss, realized move and false-positive rate by regime, using point-in-time data.",Sufficient resolved forecast ledger observations exist.,Calibration reveals whether confidence levels deserve trust.,Keep reweighting in shadow mode until sample is adequate; exclude revised/unavailable data.,Do not judge model quality from a few memorable calls.,"Forecast ledger, outcomes, timestamps, regimes."
